86817d,127.0.0.1,GET,http://silex.v.l/encode-password,1478972032,,404
36358d,127.0.0.1,GET,http://silex.v.l/favicon.ico,1478972033,,404
cace4b,127.0.0.1,GET,http://silex.v.l/encode-password,1478972058,,404
d86083,127.0.0.1,GET,http://silex.v.l/encode-password,1478972204,,404
2fd3be,127.0.0.1,GET,http://silex.v.l/encode-password,1478972205,,404
b35428,127.0.0.1,GET,http://silex.v.l/encode-password,1478972234,,404
3a67a7,127.0.0.1,GET,http://silex.v.l/encode-password,1478972234,,404
2846cf,127.0.0.1,GET,http://silex.v.l/encode-password,1478972241,,404
cb9e63,127.0.0.1,GET,http://silex.v.l/encode-password,1478972245,,404
d0556d,127.0.0.1,GET,http://silex.v.l/encode-password,1478972245,,404
c784e4,127.0.0.1,GET,http://silex.v.l/encode-password,1478972246,,404
4a80ba,127.0.0.1,GET,http://silex.v.l/encode-password/asd,1478972264,,404
66a2d9,127.0.0.1,GET,http://silex.v.l/encode-password?password=123,1478972325,,200
4b7dab,127.0.0.1,GET,http://silex.v.l/encode-password?password=123,1478972360,,200
7940ec,127.0.0.1,GET,http://silex.v.l/encode-password?password=TestApp777,1478973099,,200
00b379,127.0.0.1,GET,http://silex.v.l/encode-password?password=TestApp777,1478973100,,200
b19ad6,127.0.0.1,GET,http://silex.v.l/_admin,1478973136,,301
fd69e0,127.0.0.1,GET,http://silex.v.l/_admin/,1478973136,,302
ac701e,127.0.0.1,GET,http://silex.v.l/auth/login-admin,1478973136,,200
f3427f,127.0.0.1,POST,http://silex.v.l/_admin/login_check,1478973147,,302
5fc260,127.0.0.1,GET,http://silex.v.l/_admin/,1478973148,,200
e6c193,127.0.0.1,GET,http://silex.v.l/_admin/index.html,1478973160,,404
707059,127.0.0.1,GET,http://silex.v.l/_admin/index.html,1478973163,,404
28dc49,127.0.0.1,GET,http://silex.v.l/_admin/logout,1478973178,,302
4c2ce5,127.0.0.1,GET,http://silex.v.l/,1478973179,,200
45455a,127.0.0.1,GET,http://silex.v.l/,1479032892,,200
cb7e46,127.0.0.1,GET,http://silex.v.l/,1479032894,,200
10a377,127.0.0.1,GET,http://silex.v.l/auth/login-user,1479032895,,200
42727e,127.0.0.1,GET,http://silex.v.l/auth/login-user,1479032895,,200
48c90e,127.0.0.1,GET,http://silex.v.l/auth/login-user,1479032897,,200
2b0b56,127.0.0.1,POST,http://silex.v.l/user/login_check,1479032902,,302
1db4d9,127.0.0.1,GET,http://silex.v.l/user/,1479032902,,200
2332e3,127.0.0.1,GET,http://silex.v.l/user/,1479032903,,200
3dc693,127.0.0.1,GET,http://silex.v.l/user/,1479032918,,200
